#
# Bug #11755818 LIKE DOESN'T MATCH WHEN CP932_BIN/SJIS_BIN COLLATIONS ARE 
#               USED.
#
SET @old_character_set_client= @@character_set_client;
SET @old_character_set_connection= @@character_set_connection;
SET @old_character_set_results= @@character_set_results;
SET character_set_client= 'utf8';
SET character_set_connection= 'utf8';
SET character_set_results= 'utf8';
CREATE TABLE t1 (a VARCHAR(10) COLLATE cp932_bin);
INSERT INTO t1 VALUES('ｶｶ');
SELECT * FROM t1 WHERE a LIKE '%ｶ';
a
ｶｶ
SELECT * FROM t1 WHERE a LIKE '_ｶ';
a
ｶｶ
SELECT * FROM t1 WHERE a LIKE '%_ｶ';
a
ｶｶ
ALTER TABLE t1 MODIFY a VARCHAR(100) COLLATE sjis_bin;
SELECT * FROM t1 WHERE a LIKE '%ｶ';
a
ｶｶ
SELECT * FROM t1 WHERE a LIKE '_ｶ';
a
ｶｶ
SELECT * FROM t1 WHERE a LIKE '%_ｶ';
a
ｶｶ
DROP TABLE t1;
SET @@character_set_client= @old_character_set_client;
SET @@character_set_connection= @old_character_set_connection;
SET @@character_set_results= @old_character_set_results;
#
# Start of 10.2 tests
#
#
# MDEV-9711 NO PAD Collatons
#
SET character_set_connection=cp932;
drop table if exists t1;
drop table if exists t2;
CREATE TABLE t1 (a VARCHAR(10) PRIMARY KEY) COLLATE 'cp932_japanese_nopad_ci';
INSERT INTO t1 VALUES ('abc'),('abc  '),(' a'),(' a '),('a   ');
SELECT * FROM t1 ORDER BY a;
a
 a
 a 
a   
abc
abc  
CREATE TABLE t2 (a VARCHAR(10)) COLLATE 'cp932_japanese_nopad_ci';
INSERT INTO t2 VALUES ('abc '),('abc  '),(' a'),('a ');
SELECT * FROM t1 UNION SELECT * FROM t2 ORDER BY a;
a
 a
 a 
a 
a   
abc
abc 
abc  
DROP TABLE t1;
DROP TABLE t2;
CREATE TABLE t1 (a VARCHAR(10)) COLLATE 'cp932_japanese_nopad_ci';
INSERT INTO t1 VALUES ('a'),('a  '),(' a'),(' a '),('a   ');
SELECT DISTINCT * FROM t1 ORDER BY a;
a
 a
 a 
a
a  
a   
SELECT DISTINCT COUNT(*) FROM t1 ORDER BY a;
COUNT(*)
5
SELECT MAX(a) FROM t1;
MAX(a)
a   
CREATE TABLE t2 (a VARCHAR(10), b int, c varchar(10)) COLLATE 'cp932_japanese_nopad_ci';
INSERT t2 values('ab', 12, 'cd'), ('ab', 2, 'ed'), ('aa', 20, 'er'), ('aa  ', 0, 'er ');
SELECT * FROM t2 GROUP BY b ORDER BY c;
a	b	c
ab	12	cd
ab	2	ed
aa	20	er
aa  	0	er 
DROP TABLE t2;
SELECT HEX(WEIGHT_STRING(a AS CHAR(10))) FROM t1;
HEX(WEIGHT_STRING(a AS CHAR(10)))
41000000000000000000
41202000000000000000
20410000000000000000
20412000000000000000
41202020000000000000
DROP TABLE t1;
SELECT IF('abc' COLLATE 'cp932_japanese_nopad_ci' = 'abc ' COLLATE 'cp932_japanese_nopad_ci', 'pad', 'nopad');
IF('abc' COLLATE 'cp932_japanese_nopad_ci' = 'abc ' COLLATE 'cp932_japanese_nopad_ci', 'pad', 'nopad')
nopad
SELECT CASE 'abc' COLLATE 'cp932_japanese_nopad_ci' WHEN 'abc ' COLLATE 'cp932_japanese_nopad_ci' THEN 'pad' ELSE 'nopad' END;
CASE 'abc' COLLATE 'cp932_japanese_nopad_ci' WHEN 'abc ' COLLATE 'cp932_japanese_nopad_ci' THEN 'pad' ELSE 'nopad' END
nopad
SELECT CASE WHEN 'abc' COLLATE 'cp932_japanese_nopad_ci' = 'abc ' COLLATE 'cp932_japanese_nopad_ci' THEN 'pad' ELSE 'nopad' END;
CASE WHEN 'abc' COLLATE 'cp932_japanese_nopad_ci' = 'abc ' COLLATE 'cp932_japanese_nopad_ci' THEN 'pad' ELSE 'nopad' END
nopad
SELECT LEAST('abc ' COLLATE 'cp932_japanese_nopad_ci', 'abc  ' COLLATE 'cp932_japanese_nopad_ci');
LEAST('abc ' COLLATE 'cp932_japanese_nopad_ci', 'abc  ' COLLATE 'cp932_japanese_nopad_ci')
abc 
CREATE TABLE t1 (a VARCHAR(10)) COLLATE 'cp932_japanese_ci';
INSERT INTO t1 VALUES ('a'),('a ');
SELECT COUNT(*) FROM t1 WHERE a='a';
COUNT(*)
2
SELECT COUNT(*) FROM t1 WHERE a='a' COLLATE 'cp932_japanese_ci';
COUNT(*)
2
SELECT COUNT(*) FROM t1 WHERE a='a' COLLATE 'cp932_japanese_nopad_ci';
COUNT(*)
1
ALTER TABLE t1 MODIFY a VARCHAR(10) COLLATE 'cp932_japanese_nopad_ci';
SELECT COUNT(*) FROM t1 WHERE a='a';
COUNT(*)
1
SELECT COUNT(*) FROM t1 WHERE a='a' COLLATE 'cp932_japanese_ci';
COUNT(*)
2
SELECT COUNT(*) FROM t1 WHERE a='a' COLLATE 'cp932_japanese_nopad_ci';
COUNT(*)
1
DROP TABLE t1;
drop table if exists t1;
drop table if exists t2;
CREATE TABLE t1 (a VARCHAR(10) PRIMARY KEY) COLLATE 'cp932_japanese_nopad_ci';
INSERT INTO t1 VALUES ('abc'),('abc  '),(' a'),(' a '),('a   ');
SELECT * FROM t1 ORDER BY a;
a
 a
 a 
a   
abc
abc  
CREATE TABLE t2 (a VARCHAR(10)) COLLATE 'cp932_japanese_nopad_ci';
INSERT INTO t2 VALUES ('abc '),('abc  '),(' a'),('a ');
SELECT * FROM t1 UNION SELECT * FROM t2 ORDER BY a;
a
 a
 a 
a 
a   
abc
abc 
abc  
DROP TABLE t1;
DROP TABLE t2;
CREATE TABLE t1 (a VARCHAR(10)) COLLATE 'cp932_japanese_nopad_ci';
INSERT INTO t1 VALUES ('a'),('a  '),(' a'),(' a '),('a   ');
SELECT DISTINCT * FROM t1 ORDER BY a;
a
 a
 a 
a
a  
a   
SELECT DISTINCT COUNT(*) FROM t1 ORDER BY a;
COUNT(*)
5
SELECT MAX(a) FROM t1;
MAX(a)
a   
CREATE TABLE t2 (a VARCHAR(10), b int, c varchar(10)) COLLATE 'cp932_japanese_nopad_ci';
INSERT t2 values('ab', 12, 'cd'), ('ab', 2, 'ed'), ('aa', 20, 'er'), ('aa  ', 0, 'er ');
SELECT * FROM t2 GROUP BY b ORDER BY c;
a	b	c
ab	12	cd
ab	2	ed
aa	20	er
aa  	0	er 
DROP TABLE t2;
SELECT HEX(WEIGHT_STRING(a AS CHAR(10))) FROM t1;
HEX(WEIGHT_STRING(a AS CHAR(10)))
41000000000000000000
41202000000000000000
20410000000000000000
20412000000000000000
41202020000000000000
DROP TABLE t1;
SELECT IF('abc' COLLATE 'cp932_japanese_nopad_ci' = 'abc ' COLLATE 'cp932_japanese_nopad_ci', 'pad', 'nopad');
IF('abc' COLLATE 'cp932_japanese_nopad_ci' = 'abc ' COLLATE 'cp932_japanese_nopad_ci', 'pad', 'nopad')
nopad
SELECT CASE 'abc' COLLATE 'cp932_japanese_nopad_ci' WHEN 'abc ' COLLATE 'cp932_japanese_nopad_ci' THEN 'pad' ELSE 'nopad' END;
CASE 'abc' COLLATE 'cp932_japanese_nopad_ci' WHEN 'abc ' COLLATE 'cp932_japanese_nopad_ci' THEN 'pad' ELSE 'nopad' END
nopad
SELECT CASE WHEN 'abc' COLLATE 'cp932_japanese_nopad_ci' = 'abc ' COLLATE 'cp932_japanese_nopad_ci' THEN 'pad' ELSE 'nopad' END;
CASE WHEN 'abc' COLLATE 'cp932_japanese_nopad_ci' = 'abc ' COLLATE 'cp932_japanese_nopad_ci' THEN 'pad' ELSE 'nopad' END
nopad
SELECT LEAST('abc ' COLLATE 'cp932_japanese_nopad_ci', 'abc  ' COLLATE 'cp932_japanese_nopad_ci');
LEAST('abc ' COLLATE 'cp932_japanese_nopad_ci', 'abc  ' COLLATE 'cp932_japanese_nopad_ci')
abc 
CREATE TABLE t1 (a VARCHAR(10)) COLLATE 'cp932_japanese_ci';
INSERT INTO t1 VALUES ('a'),('a ');
SELECT COUNT(*) FROM t1 WHERE a='a';
COUNT(*)
2
SELECT COUNT(*) FROM t1 WHERE a='a' COLLATE 'cp932_japanese_ci';
COUNT(*)
2
SELECT COUNT(*) FROM t1 WHERE a='a' COLLATE 'cp932_japanese_nopad_ci';
COUNT(*)
1
ALTER TABLE t1 MODIFY a VARCHAR(10) COLLATE 'cp932_japanese_nopad_ci';
SELECT COUNT(*) FROM t1 WHERE a='a';
COUNT(*)
1
SELECT COUNT(*) FROM t1 WHERE a='a' COLLATE 'cp932_japanese_ci';
COUNT(*)
2
SELECT COUNT(*) FROM t1 WHERE a='a' COLLATE 'cp932_japanese_nopad_ci';
COUNT(*)
1
DROP TABLE t1;
drop table if exists t1;
drop table if exists t2;
CREATE TABLE t1 (a VARCHAR(10) PRIMARY KEY) COLLATE 'cp932_japanese_nopad_ci';
INSERT INTO t1 VALUES ('abc'),('abc  '),(' a'),(' a '),('a   ');
SELECT * FROM t1 ORDER BY a;
a
 a
 a 
a   
abc
abc  
CREATE TABLE t2 (a VARCHAR(10)) COLLATE 'cp932_japanese_nopad_ci';
INSERT INTO t2 VALUES ('abc '),('abc  '),(' a'),('a ');
SELECT * FROM t1 UNION SELECT * FROM t2 ORDER BY a;
a
 a
 a 
a 
a   
abc
abc 
abc  
DROP TABLE t1;
DROP TABLE t2;
CREATE TABLE t1 (a VARCHAR(10)) COLLATE 'cp932_japanese_nopad_ci';
INSERT INTO t1 VALUES ('a'),('a  '),(' a'),(' a '),('a   ');
SELECT DISTINCT * FROM t1 ORDER BY a;
a
 a
 a 
a
a  
a   
SELECT DISTINCT COUNT(*) FROM t1 ORDER BY a;
COUNT(*)
5
SELECT MAX(a) FROM t1;
MAX(a)
a   
CREATE TABLE t2 (a VARCHAR(10), b int, c varchar(10)) COLLATE 'cp932_japanese_nopad_ci';
INSERT t2 values('ab', 12, 'cd'), ('ab', 2, 'ed'), ('aa', 20, 'er'), ('aa  ', 0, 'er ');
SELECT * FROM t2 GROUP BY b ORDER BY c;
a	b	c
ab	12	cd
ab	2	ed
aa	20	er
aa  	0	er 
DROP TABLE t2;
SELECT HEX(WEIGHT_STRING(a AS CHAR(10))) FROM t1;
HEX(WEIGHT_STRING(a AS CHAR(10)))
41000000000000000000
41202000000000000000
20410000000000000000
20412000000000000000
41202020000000000000
DROP TABLE t1;
SELECT IF('abc' COLLATE 'cp932_japanese_nopad_ci' = 'abc ' COLLATE 'cp932_japanese_nopad_ci', 'pad', 'nopad');
IF('abc' COLLATE 'cp932_japanese_nopad_ci' = 'abc ' COLLATE 'cp932_japanese_nopad_ci', 'pad', 'nopad')
nopad
SELECT CASE 'abc' COLLATE 'cp932_japanese_nopad_ci' WHEN 'abc ' COLLATE 'cp932_japanese_nopad_ci' THEN 'pad' ELSE 'nopad' END;
CASE 'abc' COLLATE 'cp932_japanese_nopad_ci' WHEN 'abc ' COLLATE 'cp932_japanese_nopad_ci' THEN 'pad' ELSE 'nopad' END
nopad
SELECT CASE WHEN 'abc' COLLATE 'cp932_japanese_nopad_ci' = 'abc ' COLLATE 'cp932_japanese_nopad_ci' THEN 'pad' ELSE 'nopad' END;
CASE WHEN 'abc' COLLATE 'cp932_japanese_nopad_ci' = 'abc ' COLLATE 'cp932_japanese_nopad_ci' THEN 'pad' ELSE 'nopad' END
nopad
SELECT LEAST('abc ' COLLATE 'cp932_japanese_nopad_ci', 'abc  ' COLLATE 'cp932_japanese_nopad_ci');
LEAST('abc ' COLLATE 'cp932_japanese_nopad_ci', 'abc  ' COLLATE 'cp932_japanese_nopad_ci')
abc 
CREATE TABLE t1 (a VARCHAR(10)) COLLATE 'cp932_japanese_ci';
INSERT INTO t1 VALUES ('a'),('a ');
SELECT COUNT(*) FROM t1 WHERE a='a';
COUNT(*)
2
SELECT COUNT(*) FROM t1 WHERE a='a' COLLATE 'cp932_japanese_ci';
COUNT(*)
2
SELECT COUNT(*) FROM t1 WHERE a='a' COLLATE 'cp932_japanese_nopad_ci';
COUNT(*)
1
ALTER TABLE t1 MODIFY a VARCHAR(10) COLLATE 'cp932_japanese_nopad_ci';
SELECT COUNT(*) FROM t1 WHERE a='a';
COUNT(*)
1
SELECT COUNT(*) FROM t1 WHERE a='a' COLLATE 'cp932_japanese_ci';
COUNT(*)
2
SELECT COUNT(*) FROM t1 WHERE a='a' COLLATE 'cp932_japanese_nopad_ci';
COUNT(*)
1
DROP TABLE t1;
drop table if exists t1;
drop table if exists t2;
CREATE TABLE t1 (a VARCHAR(10) PRIMARY KEY) COLLATE 'cp932_nopad_bin';
INSERT INTO t1 VALUES ('abc'),('abc  '),(' a'),(' a '),('a   ');
SELECT * FROM t1 ORDER BY a;
a
 a
 a 
a   
abc
abc  
CREATE TABLE t2 (a VARCHAR(10)) COLLATE 'cp932_nopad_bin';
INSERT INTO t2 VALUES ('abc '),('abc  '),(' a'),('a ');
SELECT * FROM t1 UNION SELECT * FROM t2 ORDER BY a;
a
 a
 a 
a 
a   
abc
abc 
abc  
DROP TABLE t1;
DROP TABLE t2;
CREATE TABLE t1 (a VARCHAR(10)) COLLATE 'cp932_nopad_bin';
INSERT INTO t1 VALUES ('a'),('a  '),(' a'),(' a '),('a   ');
SELECT DISTINCT * FROM t1 ORDER BY a;
a
 a
 a 
a
a  
a   
SELECT DISTINCT COUNT(*) FROM t1 ORDER BY a;
COUNT(*)
5
SELECT MAX(a) FROM t1;
MAX(a)
a   
CREATE TABLE t2 (a VARCHAR(10), b int, c varchar(10)) COLLATE 'cp932_nopad_bin';
INSERT t2 values('ab', 12, 'cd'), ('ab', 2, 'ed'), ('aa', 20, 'er'), ('aa  ', 0, 'er ');
SELECT * FROM t2 GROUP BY b ORDER BY c;
a	b	c
ab	12	cd
ab	2	ed
aa	20	er
aa  	0	er 
DROP TABLE t2;
SELECT HEX(WEIGHT_STRING(a AS CHAR(10))) FROM t1;
HEX(WEIGHT_STRING(a AS CHAR(10)))
61000000000000000000
61202000000000000000
20610000000000000000
20612000000000000000
61202020000000000000
DROP TABLE t1;
SELECT IF('abc' COLLATE 'cp932_nopad_bin' = 'abc ' COLLATE 'cp932_nopad_bin', 'pad', 'nopad');
IF('abc' COLLATE 'cp932_nopad_bin' = 'abc ' COLLATE 'cp932_nopad_bin', 'pad', 'nopad')
nopad
SELECT CASE 'abc' COLLATE 'cp932_nopad_bin' WHEN 'abc ' COLLATE 'cp932_nopad_bin' THEN 'pad' ELSE 'nopad' END;
CASE 'abc' COLLATE 'cp932_nopad_bin' WHEN 'abc ' COLLATE 'cp932_nopad_bin' THEN 'pad' ELSE 'nopad' END
nopad
SELECT CASE WHEN 'abc' COLLATE 'cp932_nopad_bin' = 'abc ' COLLATE 'cp932_nopad_bin' THEN 'pad' ELSE 'nopad' END;
CASE WHEN 'abc' COLLATE 'cp932_nopad_bin' = 'abc ' COLLATE 'cp932_nopad_bin' THEN 'pad' ELSE 'nopad' END
nopad
SELECT LEAST('abc ' COLLATE 'cp932_nopad_bin', 'abc  ' COLLATE 'cp932_nopad_bin');
LEAST('abc ' COLLATE 'cp932_nopad_bin', 'abc  ' COLLATE 'cp932_nopad_bin')
abc 
CREATE TABLE t1 (a VARCHAR(10)) COLLATE 'cp932_bin';
INSERT INTO t1 VALUES ('a'),('a ');
SELECT COUNT(*) FROM t1 WHERE a='a';
COUNT(*)
2
SELECT COUNT(*) FROM t1 WHERE a='a' COLLATE 'cp932_bin';
COUNT(*)
2
SELECT COUNT(*) FROM t1 WHERE a='a' COLLATE 'cp932_nopad_bin';
COUNT(*)
1
ALTER TABLE t1 MODIFY a VARCHAR(10) COLLATE 'cp932_nopad_bin';
SELECT COUNT(*) FROM t1 WHERE a='a';
COUNT(*)
1
SELECT COUNT(*) FROM t1 WHERE a='a' COLLATE 'cp932_bin';
COUNT(*)
2
SELECT COUNT(*) FROM t1 WHERE a='a' COLLATE 'cp932_nopad_bin';
COUNT(*)
1
DROP TABLE t1;
drop table if exists t1;
drop table if exists t2;
CREATE TABLE t1 (a VARCHAR(10) PRIMARY KEY) COLLATE 'cp932_nopad_bin';
INSERT INTO t1 VALUES ('abc'),('abc  '),(' a'),(' a '),('a   ');
SELECT * FROM t1 ORDER BY a;
a
 a
 a 
a   
abc
abc  
CREATE TABLE t2 (a VARCHAR(10)) COLLATE 'cp932_nopad_bin';
INSERT INTO t2 VALUES ('abc '),('abc  '),(' a'),('a ');
SELECT * FROM t1 UNION SELECT * FROM t2 ORDER BY a;
a
 a
 a 
a 
a   
abc
abc 
abc  
DROP TABLE t1;
DROP TABLE t2;
CREATE TABLE t1 (a VARCHAR(10)) COLLATE 'cp932_nopad_bin';
INSERT INTO t1 VALUES ('a'),('a  '),(' a'),(' a '),('a   ');
SELECT DISTINCT * FROM t1 ORDER BY a;
a
 a
 a 
a
a  
a   
SELECT DISTINCT COUNT(*) FROM t1 ORDER BY a;
COUNT(*)
5
SELECT MAX(a) FROM t1;
MAX(a)
a   
CREATE TABLE t2 (a VARCHAR(10), b int, c varchar(10)) COLLATE 'cp932_nopad_bin';
INSERT t2 values('ab', 12, 'cd'), ('ab', 2, 'ed'), ('aa', 20, 'er'), ('aa  ', 0, 'er ');
SELECT * FROM t2 GROUP BY b ORDER BY c;
a	b	c
ab	12	cd
ab	2	ed
aa	20	er
aa  	0	er 
DROP TABLE t2;
SELECT HEX(WEIGHT_STRING(a AS CHAR(10))) FROM t1;
HEX(WEIGHT_STRING(a AS CHAR(10)))
61000000000000000000
61202000000000000000
20610000000000000000
20612000000000000000
61202020000000000000
DROP TABLE t1;
SELECT IF('abc' COLLATE 'cp932_nopad_bin' = 'abc ' COLLATE 'cp932_nopad_bin', 'pad', 'nopad');
IF('abc' COLLATE 'cp932_nopad_bin' = 'abc ' COLLATE 'cp932_nopad_bin', 'pad', 'nopad')
nopad
SELECT CASE 'abc' COLLATE 'cp932_nopad_bin' WHEN 'abc ' COLLATE 'cp932_nopad_bin' THEN 'pad' ELSE 'nopad' END;
CASE 'abc' COLLATE 'cp932_nopad_bin' WHEN 'abc ' COLLATE 'cp932_nopad_bin' THEN 'pad' ELSE 'nopad' END
nopad
SELECT CASE WHEN 'abc' COLLATE 'cp932_nopad_bin' = 'abc ' COLLATE 'cp932_nopad_bin' THEN 'pad' ELSE 'nopad' END;
CASE WHEN 'abc' COLLATE 'cp932_nopad_bin' = 'abc ' COLLATE 'cp932_nopad_bin' THEN 'pad' ELSE 'nopad' END
nopad
SELECT LEAST('abc ' COLLATE 'cp932_nopad_bin', 'abc  ' COLLATE 'cp932_nopad_bin');
LEAST('abc ' COLLATE 'cp932_nopad_bin', 'abc  ' COLLATE 'cp932_nopad_bin')
abc 
CREATE TABLE t1 (a VARCHAR(10)) COLLATE 'cp932_bin';
INSERT INTO t1 VALUES ('a'),('a ');
SELECT COUNT(*) FROM t1 WHERE a='a';
COUNT(*)
2
SELECT COUNT(*) FROM t1 WHERE a='a' COLLATE 'cp932_bin';
COUNT(*)
2
SELECT COUNT(*) FROM t1 WHERE a='a' COLLATE 'cp932_nopad_bin';
COUNT(*)
1
ALTER TABLE t1 MODIFY a VARCHAR(10) COLLATE 'cp932_nopad_bin';
SELECT COUNT(*) FROM t1 WHERE a='a';
COUNT(*)
1
SELECT COUNT(*) FROM t1 WHERE a='a' COLLATE 'cp932_bin';
COUNT(*)
2
SELECT COUNT(*) FROM t1 WHERE a='a' COLLATE 'cp932_nopad_bin';
COUNT(*)
1
DROP TABLE t1;
drop table if exists t1;
drop table if exists t2;
CREATE TABLE t1 (a VARCHAR(10) PRIMARY KEY) COLLATE 'cp932_nopad_bin';
INSERT INTO t1 VALUES ('abc'),('abc  '),(' a'),(' a '),('a   ');
SELECT * FROM t1 ORDER BY a;
a
 a
 a 
a   
abc
abc  
CREATE TABLE t2 (a VARCHAR(10)) COLLATE 'cp932_nopad_bin';
INSERT INTO t2 VALUES ('abc '),('abc  '),(' a'),('a ');
SELECT * FROM t1 UNION SELECT * FROM t2 ORDER BY a;
a
 a
 a 
a 
a   
abc
abc 
abc  
DROP TABLE t1;
DROP TABLE t2;
CREATE TABLE t1 (a VARCHAR(10)) COLLATE 'cp932_nopad_bin';
INSERT INTO t1 VALUES ('a'),('a  '),(' a'),(' a '),('a   ');
SELECT DISTINCT * FROM t1 ORDER BY a;
a
 a
 a 
a
a  
a   
SELECT DISTINCT COUNT(*) FROM t1 ORDER BY a;
COUNT(*)
5
SELECT MAX(a) FROM t1;
MAX(a)
a   
CREATE TABLE t2 (a VARCHAR(10), b int, c varchar(10)) COLLATE 'cp932_nopad_bin';
INSERT t2 values('ab', 12, 'cd'), ('ab', 2, 'ed'), ('aa', 20, 'er'), ('aa  ', 0, 'er ');
SELECT * FROM t2 GROUP BY b ORDER BY c;
a	b	c
ab	12	cd
ab	2	ed
aa	20	er
aa  	0	er 
DROP TABLE t2;
SELECT HEX(WEIGHT_STRING(a AS CHAR(10))) FROM t1;
HEX(WEIGHT_STRING(a AS CHAR(10)))
61000000000000000000
61202000000000000000
20610000000000000000
20612000000000000000
61202020000000000000
DROP TABLE t1;
SELECT IF('abc' COLLATE 'cp932_nopad_bin' = 'abc ' COLLATE 'cp932_nopad_bin', 'pad', 'nopad');
IF('abc' COLLATE 'cp932_nopad_bin' = 'abc ' COLLATE 'cp932_nopad_bin', 'pad', 'nopad')
nopad
SELECT CASE 'abc' COLLATE 'cp932_nopad_bin' WHEN 'abc ' COLLATE 'cp932_nopad_bin' THEN 'pad' ELSE 'nopad' END;
CASE 'abc' COLLATE 'cp932_nopad_bin' WHEN 'abc ' COLLATE 'cp932_nopad_bin' THEN 'pad' ELSE 'nopad' END
nopad
SELECT CASE WHEN 'abc' COLLATE 'cp932_nopad_bin' = 'abc ' COLLATE 'cp932_nopad_bin' THEN 'pad' ELSE 'nopad' END;
CASE WHEN 'abc' COLLATE 'cp932_nopad_bin' = 'abc ' COLLATE 'cp932_nopad_bin' THEN 'pad' ELSE 'nopad' END
nopad
SELECT LEAST('abc ' COLLATE 'cp932_nopad_bin', 'abc  ' COLLATE 'cp932_nopad_bin');
LEAST('abc ' COLLATE 'cp932_nopad_bin', 'abc  ' COLLATE 'cp932_nopad_bin')
abc 
CREATE TABLE t1 (a VARCHAR(10)) COLLATE 'cp932_bin';
INSERT INTO t1 VALUES ('a'),('a ');
SELECT COUNT(*) FROM t1 WHERE a='a';
COUNT(*)
2
SELECT COUNT(*) FROM t1 WHERE a='a' COLLATE 'cp932_bin';
COUNT(*)
2
SELECT COUNT(*) FROM t1 WHERE a='a' COLLATE 'cp932_nopad_bin';
COUNT(*)
1
ALTER TABLE t1 MODIFY a VARCHAR(10) COLLATE 'cp932_nopad_bin';
SELECT COUNT(*) FROM t1 WHERE a='a';
COUNT(*)
1
SELECT COUNT(*) FROM t1 WHERE a='a' COLLATE 'cp932_bin';
COUNT(*)
2
SELECT COUNT(*) FROM t1 WHERE a='a' COLLATE 'cp932_nopad_bin';
COUNT(*)
1
DROP TABLE t1;
#
# End of 10.2 tests
#
